study_accession	sample_accession	experiment_accession	run_accession	tax_id	scientific_name	fastq_ftp	submitted_ftp	sra_ftp
PRJEB47011	SAMEA9697026	ERX6130591	ERR6503609	562	Escherichia coli	ftp.sra.ebi.ac.uk/vol1/fastq/ERR650/009/ERR6503609/ERR6503609_1.fastq.gz;ftp.sra.ebi.ac.uk/vol1/fastq/ERR650/009/ERR6503609/ERR6503609_2.fastq.gz	ftp.sra.ebi.ac.uk/vol1/run/ERR650/ERR6503609/NHTD_41.R1.fastq.gz;ftp.sra.ebi.ac.uk/vol1/run/ERR650/ERR6503609/NHTD_41.R2.fastq.gz	
PRJEB47011	SAMEA9697027	ERX6130592	ERR6503610	562	Escherichia coli	ftp.sra.ebi.ac.uk/vol1/fastq/ERR650/000/ERR6503610/ERR6503610_1.fastq.gz;ftp.sra.ebi.ac.uk/vol1/fastq/ERR650/000/ERR6503610/ERR6503610_2.fastq.gz	ftp.sra.ebi.ac.uk/vol1/run/ERR650/ERR6503610/NHTD_42.R1.fastq.gz;ftp.sra.ebi.ac.uk/vol1/run/ERR650/ERR6503610/NHTD_42.R2.fastq.gz	
PRJEB47011	SAMEA9697032	ERX6130593	ERR6503611	562	Escherichia coli	ftp.sra.ebi.ac.uk/vol1/fastq/ERR650/001/ERR6503611/ERR6503611_1.fastq.gz;ftp.sra.ebi.ac.uk/vol1/fastq/ERR650/001/ERR6503611/ERR6503611_2.fastq.gz	ftp.sra.ebi.ac.uk/vol1/run/ERR650/ERR6503611/NHTD_43.R1.fastq.gz;ftp.sra.ebi.ac.uk/vol1/run/ERR650/ERR6503611/NHTD_43.R2.fastq.gz	
PRJEB47011	SAMEA9697033	ERX6130594	ERR6503612	562	Escherichia coli	ftp.sra.ebi.ac.uk/vol1/fastq/ERR650/002/ERR6503612/ERR6503612_1.fastq.gz;ftp.sra.ebi.ac.uk/vol1/fastq/ERR650/002/ERR6503612/ERR6503612_2.fastq.gz	ftp.sra.ebi.ac.uk/vol1/run/ERR650/ERR6503612/NHTD_48.R1.fastq.gz;ftp.sra.ebi.ac.uk/vol1/run/ERR650/ERR6503612/NHTD_48.R2.fastq.gz	
PRJEB47011	SAMEA9697028	ERX6130595	ERR6503613	562	Escherichia coli	ftp.sra.ebi.ac.uk/vol1/fastq/ERR650/003/ERR6503613/ERR6503613_1.fastq.gz;ftp.sra.ebi.ac.uk/vol1/fastq/ERR650/003/ERR6503613/ERR6503613_2.fastq.gz	ftp.sra.ebi.ac.uk/vol1/run/ERR650/ERR6503613/NHTD_58.R1.fastq.gz;ftp.sra.ebi.ac.uk/vol1/run/ERR650/ERR6503613/NHTD_58.R2.fastq.gz	
PRJEB47011	SAMEA9697029	ERX6130596	ERR6503614	562	Escherichia coli	ftp.sra.ebi.ac.uk/vol1/fastq/ERR650/004/ERR6503614/ERR6503614_1.fastq.gz;ftp.sra.ebi.ac.uk/vol1/fastq/ERR650/004/ERR6503614/ERR6503614_2.fastq.gz	ftp.sra.ebi.ac.uk/vol1/run/ERR650/ERR6503614/NHTD_59.R1.fastq.gz;ftp.sra.ebi.ac.uk/vol1/run/ERR650/ERR6503614/NHTD_59.R2.fastq.gz	
PRJEB47011	SAMEA9697030	ERX6130597	ERR6503615	562	Escherichia coli	ftp.sra.ebi.ac.uk/vol1/fastq/ERR650/005/ERR6503615/ERR6503615_1.fastq.gz;ftp.sra.ebi.ac.uk/vol1/fastq/ERR650/005/ERR6503615/ERR6503615_2.fastq.gz	ftp.sra.ebi.ac.uk/vol1/run/ERR650/ERR6503615/NHTD_64.R1.fastq.gz;ftp.sra.ebi.ac.uk/vol1/run/ERR650/ERR6503615/NHTD_64.R2.fastq.gz	
PRJEB47011	SAMEA9697031	ERX6130598	ERR6503616	562	Escherichia coli	ftp.sra.ebi.ac.uk/vol1/fastq/ERR650/006/ERR6503616/ERR6503616_1.fastq.gz;ftp.sra.ebi.ac.uk/vol1/fastq/ERR650/006/ERR6503616/ERR6503616_2.fastq.gz	ftp.sra.ebi.ac.uk/vol1/run/ERR650/ERR6503616/NHTD_65.R1.fastq.gz;ftp.sra.ebi.ac.uk/vol1/run/ERR650/ERR6503616/NHTD_65.R2.fastq.gz	
PRJEB47011	SAMEA9696929	ERX6130494	ERR6503617	562	Escherichia coli	ftp.sra.ebi.ac.uk/vol1/fastq/ERR650/007/ERR6503617/ERR6503617_1.fastq.gz;ftp.sra.ebi.ac.uk/vol1/fastq/ERR650/007/ERR6503617/ERR6503617_2.fastq.gz	ftp.sra.ebi.ac.uk/vol1/run/ERR650/ERR6503617/VNHN08_1.R1.fastq.gz;ftp.sra.ebi.ac.uk/vol1/run/ERR650/ERR6503617/VNHN08_1.R2.fastq.gz	
PRJEB47011	SAMEA9697025	ERX6130590	ERR6503618	562	Escherichia coli	ftp.sra.ebi.ac.uk/vol1/fastq/ERR650/008/ERR6503618/ERR6503618_1.fastq.gz;ftp.sra.ebi.ac.uk/vol1/fastq/ERR650/008/ERR6503618/ERR6503618_2.fastq.gz	ftp.sra.ebi.ac.uk/vol1/run/ERR650/ERR6503618/VNHN08_100.R1.fastq.gz;ftp.sra.ebi.ac.uk/vol1/run/ERR650/ERR6503618/VNHN08_100.R2.fastq.gz	
PRJEB47011	SAMEA9696938	ERX6130503	ERR6503619	562	Escherichia coli	ftp.sra.ebi.ac.uk/vol1/fastq/ERR650/009/ERR6503619/ERR6503619_1.fastq.gz;ftp.sra.ebi.ac.uk/vol1/fastq/ERR650/009/ERR6503619/ERR6503619_2.fastq.gz	ftp.sra.ebi.ac.uk/vol1/run/ERR650/ERR6503619/VNHN08_11.R1.fastq.gz;ftp.sra.ebi.ac.uk/vol1/run/ERR650/ERR6503619/VNHN08_11.R2.fastq.gz	
PRJEB47011	SAMEA9696939	ERX6130504	ERR6503620	562	Escherichia coli	ftp.sra.ebi.ac.uk/vol1/fastq/ERR650/000/ERR6503620/ERR6503620_1.fastq.gz;ftp.sra.ebi.ac.uk/vol1/fastq/ERR650/000/ERR6503620/ERR6503620_2.fastq.gz	ftp.sra.ebi.ac.uk/vol1/run/ERR650/ERR6503620/VNHN08_12.R1.fastq.gz;ftp.sra.ebi.ac.uk/vol1/run/ERR650/ERR6503620/VNHN08_12.R2.fastq.gz	
PRJEB47011	SAMEA9696940	ERX6130505	ERR6503621	562	Escherichia coli	ftp.sra.ebi.ac.uk/vol1/fastq/ERR650/001/ERR6503621/ERR6503621_1.fastq.gz;ftp.sra.ebi.ac.uk/vol1/fastq/ERR650/001/ERR6503621/ERR6503621_2.fastq.gz	ftp.sra.ebi.ac.uk/vol1/run/ERR650/ERR6503621/VNHN08_13.R1.fastq.gz;ftp.sra.ebi.ac.uk/vol1/run/ERR650/ERR6503621/VNHN08_13.R2.fastq.gz	
PRJEB47011	SAMEA9696941	ERX6130506	ERR6503622	562	Escherichia coli	ftp.sra.ebi.ac.uk/vol1/fastq/ERR650/002/ERR6503622/ERR6503622_1.fastq.gz;ftp.sra.ebi.ac.uk/vol1/fastq/ERR650/002/ERR6503622/ERR6503622_2.fastq.gz	ftp.sra.ebi.ac.uk/vol1/run/ERR650/ERR6503622/VNHN08_14.R1.fastq.gz;ftp.sra.ebi.ac.uk/vol1/run/ERR650/ERR6503622/VNHN08_14.R2.fastq.gz	
PRJEB47011	SAMEA9696942	ERX6130507	ERR6503623	562	Escherichia coli	ftp.sra.ebi.ac.uk/vol1/fastq/ERR650/003/ERR6503623/ERR6503623_1.fastq.gz;ftp.sra.ebi.ac.uk/vol1/fastq/ERR650/003/ERR6503623/ERR6503623_2.fastq.gz	ftp.sra.ebi.ac.uk/vol1/run/ERR650/ERR6503623/VNHN08_15.R1.fastq.gz;ftp.sra.ebi.ac.uk/vol1/run/ERR650/ERR6503623/VNHN08_15.R2.fastq.gz	
PRJEB47011	SAMEA9696943	ERX6130508	ERR6503624	562	Escherichia coli	ftp.sra.ebi.ac.uk/vol1/fastq/ERR650/004/ERR6503624/ERR6503624_1.fastq.gz;ftp.sra.ebi.ac.uk/vol1/fastq/ERR650/004/ERR6503624/ERR6503624_2.fastq.gz	ftp.sra.ebi.ac.uk/vol1/run/ERR650/ERR6503624/VNHN08_16.R1.fastq.gz;ftp.sra.ebi.ac.uk/vol1/run/ERR650/ERR6503624/VNHN08_16.R2.fastq.gz	
PRJEB47011	SAMEA9696944	ERX6130509	ERR6503625	562	Escherichia coli	ftp.sra.ebi.ac.uk/vol1/fastq/ERR650/005/ERR6503625/ERR6503625_1.fastq.gz;ftp.sra.ebi.ac.uk/vol1/fastq/ERR650/005/ERR6503625/ERR6503625_2.fastq.gz	ftp.sra.ebi.ac.uk/vol1/run/ERR650/ERR6503625/VNHN08_17.R1.fastq.gz;ftp.sra.ebi.ac.uk/vol1/run/ERR650/ERR6503625/VNHN08_17.R2.fastq.gz	
PRJEB47011	SAMEA9696945	ERX6130510	ERR6503626	562	Escherichia coli	ftp.sra.ebi.ac.uk/vol1/fastq/ERR650/006/ERR6503626/ERR6503626_1.fastq.gz;ftp.sra.ebi.ac.uk/vol1/fastq/ERR650/006/ERR6503626/ERR6503626_2.fastq.gz	ftp.sra.ebi.ac.uk/vol1/run/ERR650/ERR6503626/VNHN08_18.R1.fastq.gz;ftp.sra.ebi.ac.uk/vol1/run/ERR650/ERR6503626/VNHN08_18.R2.fastq.gz	
PRJEB47011	SAMEA9696946	ERX6130511	ERR6503627	562	Escherichia coli	ftp.sra.ebi.ac.uk/vol1/fastq/ERR650/007/ERR6503627/ERR6503627_1.fastq.gz;ftp.sra.ebi.ac.uk/vol1/fastq/ERR650/007/ERR6503627/ERR6503627_2.fastq.gz	ftp.sra.ebi.ac.uk/vol1/run/ERR650/ERR6503627/VNHN08_19.R1.fastq.gz;ftp.sra.ebi.ac.uk/vol1/run/ERR650/ERR6503627/VNHN08_19.R2.fastq.gz	
PRJEB47011	SAMEA9696930	ERX6130495	ERR6503628	562	Escherichia coli	ftp.sra.ebi.ac.uk/vol1/fastq/ERR650/008/ERR6503628/ERR6503628_1.fastq.gz;ftp.sra.ebi.ac.uk/vol1/fastq/ERR650/008/ERR6503628/ERR6503628_2.fastq.gz	ftp.sra.ebi.ac.uk/vol1/run/ERR650/ERR6503628/VNHN08_2.R1.fastq.gz;ftp.sra.ebi.ac.uk/vol1/run/ERR650/ERR6503628/VNHN08_2.R2.fastq.gz	
PRJEB47011	SAMEA9696947	ERX6130512	ERR6503629	562	Escherichia coli	ftp.sra.ebi.ac.uk/vol1/fastq/ERR650/009/ERR6503629/ERR6503629_1.fastq.gz;ftp.sra.ebi.ac.uk/vol1/fastq/ERR650/009/ERR6503629/ERR6503629_2.fastq.gz	ftp.sra.ebi.ac.uk/vol1/run/ERR650/ERR6503629/VNHN08_20.R1.fastq.gz;ftp.sra.ebi.ac.uk/vol1/run/ERR650/ERR6503629/VNHN08_20.R2.fastq.gz	
PRJEB47011	SAMEA9696948	ERX6130513	ERR6503630	562	Escherichia coli	ftp.sra.ebi.ac.uk/vol1/fastq/ERR650/000/ERR6503630/ERR6503630_1.fastq.gz;ftp.sra.ebi.ac.uk/vol1/fastq/ERR650/000/ERR6503630/ERR6503630_2.fastq.gz	ftp.sra.ebi.ac.uk/vol1/run/ERR650/ERR6503630/VNHN08_21.R1.fastq.gz;ftp.sra.ebi.ac.uk/vol1/run/ERR650/ERR6503630/VNHN08_21.R2.fastq.gz	
PRJEB47011	SAMEA9696949	ERX6130514	ERR6503631	562	Escherichia coli	ftp.sra.ebi.ac.uk/vol1/fastq/ERR650/001/ERR6503631/ERR6503631_1.fastq.gz;ftp.sra.ebi.ac.uk/vol1/fastq/ERR650/001/ERR6503631/ERR6503631_2.fastq.gz	ftp.sra.ebi.ac.uk/vol1/run/ERR650/ERR6503631/VNHN08_23.R1.fastq.gz;ftp.sra.ebi.ac.uk/vol1/run/ERR650/ERR6503631/VNHN08_23.R2.fastq.gz	
PRJEB47011	SAMEA9696950	ERX6130515	ERR6503632	562	Escherichia coli	ftp.sra.ebi.ac.uk/vol1/fastq/ERR650/002/ERR6503632/ERR6503632_1.fastq.gz;ftp.sra.ebi.ac.uk/vol1/fastq/ERR650/002/ERR6503632/ERR6503632_2.fastq.gz	ftp.sra.ebi.ac.uk/vol1/run/ERR650/ERR6503632/VNHN08_24.R1.fastq.gz;ftp.sra.ebi.ac.uk/vol1/run/ERR650/ERR6503632/VNHN08_24.R2.fastq.gz	
PRJEB47011	SAMEA9696951	ERX6130516	ERR6503633	562	Escherichia coli	ftp.sra.ebi.ac.uk/vol1/fastq/ERR650/003/ERR6503633/ERR6503633_1.fastq.gz;ftp.sra.ebi.ac.uk/vol1/fastq/ERR650/003/ERR6503633/ERR6503633_2.fastq.gz	ftp.sra.ebi.ac.uk/vol1/run/ERR650/ERR6503633/VNHN08_25.R1.fastq.gz;ftp.sra.ebi.ac.uk/vol1/run/ERR650/ERR6503633/VNHN08_25.R2.fastq.gz	
PRJEB47011	SAMEA9696952	ERX6130517	ERR6503634	562	Escherichia coli	ftp.sra.ebi.ac.uk/vol1/fastq/ERR650/004/ERR6503634/ERR6503634_1.fastq.gz;ftp.sra.ebi.ac.uk/vol1/fastq/ERR650/004/ERR6503634/ERR6503634_2.fastq.gz	ftp.sra.ebi.ac.uk/vol1/run/ERR650/ERR6503634/VNHN08_26.R1.fastq.gz;ftp.sra.ebi.ac.uk/vol1/run/ERR650/ERR6503634/VNHN08_26.R2.fastq.gz	
PRJEB47011	SAMEA9696953	ERX6130518	ERR6503635	562	Escherichia coli	ftp.sra.ebi.ac.uk/vol1/fastq/ERR650/005/ERR6503635/ERR6503635_1.fastq.gz;ftp.sra.ebi.ac.uk/vol1/fastq/ERR650/005/ERR6503635/ERR6503635_2.fastq.gz	ftp.sra.ebi.ac.uk/vol1/run/ERR650/ERR6503635/VNHN08_27.R1.fastq.gz;ftp.sra.ebi.ac.uk/vol1/run/ERR650/ERR6503635/VNHN08_27.R2.fastq.gz	
PRJEB47011	SAMEA9696954	ERX6130519	ERR6503636	562	Escherichia coli	ftp.sra.ebi.ac.uk/vol1/fastq/ERR650/006/ERR6503636/ERR6503636_1.fastq.gz;ftp.sra.ebi.ac.uk/vol1/fastq/ERR650/006/ERR6503636/ERR6503636_2.fastq.gz	ftp.sra.ebi.ac.uk/vol1/run/ERR650/ERR6503636/VNHN08_28.R1.fastq.gz;ftp.sra.ebi.ac.uk/vol1/run/ERR650/ERR6503636/VNHN08_28.R2.fastq.gz	
PRJEB47011	SAMEA9696955	ERX6130520	ERR6503637	562	Escherichia coli	ftp.sra.ebi.ac.uk/vol1/fastq/ERR650/007/ERR6503637/ERR6503637_1.fastq.gz;ftp.sra.ebi.ac.uk/vol1/fastq/ERR650/007/ERR6503637/ERR6503637_2.fastq.gz	ftp.sra.ebi.ac.uk/vol1/run/ERR650/ERR6503637/VNHN08_29.R1.fastq.gz;ftp.sra.ebi.ac.uk/vol1/run/ERR650/ERR6503637/VNHN08_29.R2.fastq.gz	
PRJEB47011	SAMEA9696931	ERX6130496	ERR6503638	562	Escherichia coli	ftp.sra.ebi.ac.uk/vol1/fastq/ERR650/008/ERR6503638/ERR6503638_1.fastq.gz;ftp.sra.ebi.ac.uk/vol1/fastq/ERR650/008/ERR6503638/ERR6503638_2.fastq.gz	ftp.sra.ebi.ac.uk/vol1/run/ERR650/ERR6503638/VNHN08_3.R1.fastq.gz;ftp.sra.ebi.ac.uk/vol1/run/ERR650/ERR6503638/VNHN08_3.R2.fastq.gz	
PRJEB47011	SAMEA9696956	ERX6130521	ERR6503639	562	Escherichia coli	ftp.sra.ebi.ac.uk/vol1/fastq/ERR650/009/ERR6503639/ERR6503639_1.fastq.gz;ftp.sra.ebi.ac.uk/vol1/fastq/ERR650/009/ERR6503639/ERR6503639_2.fastq.gz	ftp.sra.ebi.ac.uk/vol1/run/ERR650/ERR6503639/VNHN08_30.R1.fastq.gz;ftp.sra.ebi.ac.uk/vol1/run/ERR650/ERR6503639/VNHN08_30.R2.fastq.gz	
PRJEB47011	SAMEA9696957	ERX6130522	ERR6503640	562	Escherichia coli	ftp.sra.ebi.ac.uk/vol1/fastq/ERR650/000/ERR6503640/ERR6503640_1.fastq.gz;ftp.sra.ebi.ac.uk/vol1/fastq/ERR650/000/ERR6503640/ERR6503640_2.fastq.gz	ftp.sra.ebi.ac.uk/vol1/run/ERR650/ERR6503640/VNHN08_31.R1.fastq.gz;ftp.sra.ebi.ac.uk/vol1/run/ERR650/ERR6503640/VNHN08_31.R2.fastq.gz	
PRJEB47011	SAMEA9696958	ERX6130523	ERR6503641	562	Escherichia coli	ftp.sra.ebi.ac.uk/vol1/fastq/ERR650/001/ERR6503641/ERR6503641_1.fastq.gz;ftp.sra.ebi.ac.uk/vol1/fastq/ERR650/001/ERR6503641/ERR6503641_2.fastq.gz	ftp.sra.ebi.ac.uk/vol1/run/ERR650/ERR6503641/VNHN08_32.R1.fastq.gz;ftp.sra.ebi.ac.uk/vol1/run/ERR650/ERR6503641/VNHN08_32.R2.fastq.gz	
PRJEB47011	SAMEA9696959	ERX6130524	ERR6503642	562	Escherichia coli	ftp.sra.ebi.ac.uk/vol1/fastq/ERR650/002/ERR6503642/ERR6503642_1.fastq.gz;ftp.sra.ebi.ac.uk/vol1/fastq/ERR650/002/ERR6503642/ERR6503642_2.fastq.gz	ftp.sra.ebi.ac.uk/vol1/run/ERR650/ERR6503642/VNHN08_33.R1.fastq.gz;ftp.sra.ebi.ac.uk/vol1/run/ERR650/ERR6503642/VNHN08_33.R2.fastq.gz	
PRJEB47011	SAMEA9696960	ERX6130525	ERR6503643	562	Escherichia coli	ftp.sra.ebi.ac.uk/vol1/fastq/ERR650/003/ERR6503643/ERR6503643_1.fastq.gz;ftp.sra.ebi.ac.uk/vol1/fastq/ERR650/003/ERR6503643/ERR6503643_2.fastq.gz	ftp.sra.ebi.ac.uk/vol1/run/ERR650/ERR6503643/VNHN08_34.R1.fastq.gz;ftp.sra.ebi.ac.uk/vol1/run/ERR650/ERR6503643/VNHN08_34.R2.fastq.gz	
PRJEB47011	SAMEA9696961	ERX6130526	ERR6503644	562	Escherichia coli	ftp.sra.ebi.ac.uk/vol1/fastq/ERR650/004/ERR6503644/ERR6503644_1.fastq.gz;ftp.sra.ebi.ac.uk/vol1/fastq/ERR650/004/ERR6503644/ERR6503644_2.fastq.gz	ftp.sra.ebi.ac.uk/vol1/run/ERR650/ERR6503644/VNHN08_35.R1.fastq.gz;ftp.sra.ebi.ac.uk/vol1/run/ERR650/ERR6503644/VNHN08_35.R2.fastq.gz	
PRJEB47011	SAMEA9696962	ERX6130527	ERR6503645	562	Escherichia coli	ftp.sra.ebi.ac.uk/vol1/fastq/ERR650/005/ERR6503645/ERR6503645_1.fastq.gz;ftp.sra.ebi.ac.uk/vol1/fastq/ERR650/005/ERR6503645/ERR6503645_2.fastq.gz	ftp.sra.ebi.ac.uk/vol1/run/ERR650/ERR6503645/VNHN08_36.R1.fastq.gz;ftp.sra.ebi.ac.uk/vol1/run/ERR650/ERR6503645/VNHN08_36.R2.fastq.gz	
PRJEB47011	SAMEA9696963	ERX6130528	ERR6503646	562	Escherichia coli	ftp.sra.ebi.ac.uk/vol1/fastq/ERR650/006/ERR6503646/ERR6503646_1.fastq.gz;ftp.sra.ebi.ac.uk/vol1/fastq/ERR650/006/ERR6503646/ERR6503646_2.fastq.gz	ftp.sra.ebi.ac.uk/vol1/run/ERR650/ERR6503646/VNHN08_37.R1.fastq.gz;ftp.sra.ebi.ac.uk/vol1/run/ERR650/ERR6503646/VNHN08_37.R2.fastq.gz	
PRJEB47011	SAMEA9696964	ERX6130529	ERR6503647	562	Escherichia coli	ftp.sra.ebi.ac.uk/vol1/fastq/ERR650/007/ERR6503647/ERR6503647_1.fastq.gz;ftp.sra.ebi.ac.uk/vol1/fastq/ERR650/007/ERR6503647/ERR6503647_2.fastq.gz	ftp.sra.ebi.ac.uk/vol1/run/ERR650/ERR6503647/VNHN08_38.R1.fastq.gz;ftp.sra.ebi.ac.uk/vol1/run/ERR650/ERR6503647/VNHN08_38.R2.fastq.gz	
PRJEB47011	SAMEA9696965	ERX6130530	ERR6503648	562	Escherichia coli	ftp.sra.ebi.ac.uk/vol1/fastq/ERR650/008/ERR6503648/ERR6503648_1.fastq.gz;ftp.sra.ebi.ac.uk/vol1/fastq/ERR650/008/ERR6503648/ERR6503648_2.fastq.gz	ftp.sra.ebi.ac.uk/vol1/run/ERR650/ERR6503648/VNHN08_39.R1.fastq.gz;ftp.sra.ebi.ac.uk/vol1/run/ERR650/ERR6503648/VNHN08_39.R2.fastq.gz	
PRJEB47011	SAMEA9696932	ERX6130497	ERR6503649	562	Escherichia coli	ftp.sra.ebi.ac.uk/vol1/fastq/ERR650/009/ERR6503649/ERR6503649_1.fastq.gz;ftp.sra.ebi.ac.uk/vol1/fastq/ERR650/009/ERR6503649/ERR6503649_2.fastq.gz	ftp.sra.ebi.ac.uk/vol1/run/ERR650/ERR6503649/VNHN08_4.R1.fastq.gz;ftp.sra.ebi.ac.uk/vol1/run/ERR650/ERR6503649/VNHN08_4.R2.fastq.gz	
PRJEB47011	SAMEA9696966	ERX6130531	ERR6503650	562	Escherichia coli	ftp.sra.ebi.ac.uk/vol1/fastq/ERR650/000/ERR6503650/ERR6503650_1.fastq.gz;ftp.sra.ebi.ac.uk/vol1/fastq/ERR650/000/ERR6503650/ERR6503650_2.fastq.gz	ftp.sra.ebi.ac.uk/vol1/run/ERR650/ERR6503650/VNHN08_40.R1.fastq.gz;ftp.sra.ebi.ac.uk/vol1/run/ERR650/ERR6503650/VNHN08_40.R2.fastq.gz	
PRJEB47011	SAMEA9696967	ERX6130532	ERR6503651	562	Escherichia coli	ftp.sra.ebi.ac.uk/vol1/fastq/ERR650/001/ERR6503651/ERR6503651_1.fastq.gz;ftp.sra.ebi.ac.uk/vol1/fastq/ERR650/001/ERR6503651/ERR6503651_2.fastq.gz	ftp.sra.ebi.ac.uk/vol1/run/ERR650/ERR6503651/VNHN08_42.R1.fastq.gz;ftp.sra.ebi.ac.uk/vol1/run/ERR650/ERR6503651/VNHN08_42.R2.fastq.gz	
PRJEB47011	SAMEA9696968	ERX6130533	ERR6503652	562	Escherichia coli	ftp.sra.ebi.ac.uk/vol1/fastq/ERR650/002/ERR6503652/ERR6503652_1.fastq.gz;ftp.sra.ebi.ac.uk/vol1/fastq/ERR650/002/ERR6503652/ERR6503652_2.fastq.gz	ftp.sra.ebi.ac.uk/vol1/run/ERR650/ERR6503652/VNHN08_43.R1.fastq.gz;ftp.sra.ebi.ac.uk/vol1/run/ERR650/ERR6503652/VNHN08_43.R2.fastq.gz	
PRJEB47011	SAMEA9696969	ERX6130534	ERR6503653	562	Escherichia coli	ftp.sra.ebi.ac.uk/vol1/fastq/ERR650/003/ERR6503653/ERR6503653_1.fastq.gz;ftp.sra.ebi.ac.uk/vol1/fastq/ERR650/003/ERR6503653/ERR6503653_2.fastq.gz	ftp.sra.ebi.ac.uk/vol1/run/ERR650/ERR6503653/VNHN08_44.R1.fastq.gz;ftp.sra.ebi.ac.uk/vol1/run/ERR650/ERR6503653/VNHN08_44.R2.fastq.gz	
PRJEB47011	SAMEA9696970	ERX6130535	ERR6503654	562	Escherichia coli	ftp.sra.ebi.ac.uk/vol1/fastq/ERR650/004/ERR6503654/ERR6503654_1.fastq.gz;ftp.sra.ebi.ac.uk/vol1/fastq/ERR650/004/ERR6503654/ERR6503654_2.fastq.gz	ftp.sra.ebi.ac.uk/vol1/run/ERR650/ERR6503654/VNHN08_45.R1.fastq.gz;ftp.sra.ebi.ac.uk/vol1/run/ERR650/ERR6503654/VNHN08_45.R2.fastq.gz	
PRJEB47011	SAMEA9696971	ERX6130536	ERR6503655	562	Escherichia coli	ftp.sra.ebi.ac.uk/vol1/fastq/ERR650/005/ERR6503655/ERR6503655_1.fastq.gz;ftp.sra.ebi.ac.uk/vol1/fastq/ERR650/005/ERR6503655/ERR6503655_2.fastq.gz	ftp.sra.ebi.ac.uk/vol1/run/ERR650/ERR6503655/VNHN08_46.R1.fastq.gz;ftp.sra.ebi.ac.uk/vol1/run/ERR650/ERR6503655/VNHN08_46.R2.fastq.gz	
PRJEB47011	SAMEA9696972	ERX6130537	ERR6503656	562	Escherichia coli	ftp.sra.ebi.ac.uk/vol1/fastq/ERR650/006/ERR6503656/ERR6503656_1.fastq.gz;ftp.sra.ebi.ac.uk/vol1/fastq/ERR650/006/ERR6503656/ERR6503656_2.fastq.gz	ftp.sra.ebi.ac.uk/vol1/run/ERR650/ERR6503656/VNHN08_47.R1.fastq.gz;ftp.sra.ebi.ac.uk/vol1/run/ERR650/ERR6503656/VNHN08_47.R2.fastq.gz	
PRJEB47011	SAMEA9696973	ERX6130538	ERR6503657	562	Escherichia coli	ftp.sra.ebi.ac.uk/vol1/fastq/ERR650/007/ERR6503657/ERR6503657_1.fastq.gz;ftp.sra.ebi.ac.uk/vol1/fastq/ERR650/007/ERR6503657/ERR6503657_2.fastq.gz	ftp.sra.ebi.ac.uk/vol1/run/ERR650/ERR6503657/VNHN08_48.R1.fastq.gz;ftp.sra.ebi.ac.uk/vol1/run/ERR650/ERR6503657/VNHN08_48.R2.fastq.gz	
PRJEB47011	SAMEA9696974	ERX6130539	ERR6503658	562	Escherichia coli	ftp.sra.ebi.ac.uk/vol1/fastq/ERR650/008/ERR6503658/ERR6503658_1.fastq.gz;ftp.sra.ebi.ac.uk/vol1/fastq/ERR650/008/ERR6503658/ERR6503658_2.fastq.gz	ftp.sra.ebi.ac.uk/vol1/run/ERR650/ERR6503658/VNHN08_49.R1.fastq.gz;ftp.sra.ebi.ac.uk/vol1/run/ERR650/ERR6503658/VNHN08_49.R2.fastq.gz	
PRJEB47011	SAMEA9696933	ERX6130498	ERR6503659	562	Escherichia coli	ftp.sra.ebi.ac.uk/vol1/fastq/ERR650/009/ERR6503659/ERR6503659_1.fastq.gz;ftp.sra.ebi.ac.uk/vol1/fastq/ERR650/009/ERR6503659/ERR6503659_2.fastq.gz	ftp.sra.ebi.ac.uk/vol1/run/ERR650/ERR6503659/VNHN08_5.R1.fastq.gz;ftp.sra.ebi.ac.uk/vol1/run/ERR650/ERR6503659/VNHN08_5.R2.fastq.gz	
PRJEB47011	SAMEA9696975	ERX6130540	ERR6503660	562	Escherichia coli	ftp.sra.ebi.ac.uk/vol1/fastq/ERR650/000/ERR6503660/ERR6503660_1.fastq.gz;ftp.sra.ebi.ac.uk/vol1/fastq/ERR650/000/ERR6503660/ERR6503660_2.fastq.gz	ftp.sra.ebi.ac.uk/vol1/run/ERR650/ERR6503660/VNHN08_50.R1.fastq.gz;ftp.sra.ebi.ac.uk/vol1/run/ERR650/ERR6503660/VNHN08_50.R2.fastq.gz	
PRJEB47011	SAMEA9696976	ERX6130541	ERR6503661	562	Escherichia coli	ftp.sra.ebi.ac.uk/vol1/fastq/ERR650/001/ERR6503661/ERR6503661_1.fastq.gz;ftp.sra.ebi.ac.uk/vol1/fastq/ERR650/001/ERR6503661/ERR6503661_2.fastq.gz	ftp.sra.ebi.ac.uk/vol1/run/ERR650/ERR6503661/VNHN08_51.R1.fastq.gz;ftp.sra.ebi.ac.uk/vol1/run/ERR650/ERR6503661/VNHN08_51.R2.fastq.gz	
PRJEB47011	SAMEA9696977	ERX6130542	ERR6503662	562	Escherichia coli	ftp.sra.ebi.ac.uk/vol1/fastq/ERR650/002/ERR6503662/ERR6503662_1.fastq.gz;ftp.sra.ebi.ac.uk/vol1/fastq/ERR650/002/ERR6503662/ERR6503662_2.fastq.gz	ftp.sra.ebi.ac.uk/vol1/run/ERR650/ERR6503662/VNHN08_52.R1.fastq.gz;ftp.sra.ebi.ac.uk/vol1/run/ERR650/ERR6503662/VNHN08_52.R2.fastq.gz	
PRJEB47011	SAMEA9696978	ERX6130543	ERR6503663	562	Escherichia coli	ftp.sra.ebi.ac.uk/vol1/fastq/ERR650/003/ERR6503663/ERR6503663_1.fastq.gz;ftp.sra.ebi.ac.uk/vol1/fastq/ERR650/003/ERR6503663/ERR6503663_2.fastq.gz	ftp.sra.ebi.ac.uk/vol1/run/ERR650/ERR6503663/VNHN08_53.R1.fastq.gz;ftp.sra.ebi.ac.uk/vol1/run/ERR650/ERR6503663/VNHN08_53.R2.fastq.gz	
PRJEB47011	SAMEA9696979	ERX6130544	ERR6503664	562	Escherichia coli	ftp.sra.ebi.ac.uk/vol1/fastq/ERR650/004/ERR6503664/ERR6503664_1.fastq.gz;ftp.sra.ebi.ac.uk/vol1/fastq/ERR650/004/ERR6503664/ERR6503664_2.fastq.gz	ftp.sra.ebi.ac.uk/vol1/run/ERR650/ERR6503664/VNHN08_54.R1.fastq.gz;ftp.sra.ebi.ac.uk/vol1/run/ERR650/ERR6503664/VNHN08_54.R2.fastq.gz	
PRJEB47011	SAMEA9696980	ERX6130545	ERR6503665	562	Escherichia coli	ftp.sra.ebi.ac.uk/vol1/fastq/ERR650/005/ERR6503665/ERR6503665_1.fastq.gz;ftp.sra.ebi.ac.uk/vol1/fastq/ERR650/005/ERR6503665/ERR6503665_2.fastq.gz	ftp.sra.ebi.ac.uk/vol1/run/ERR650/ERR6503665/VNHN08_55.R1.fastq.gz;ftp.sra.ebi.ac.uk/vol1/run/ERR650/ERR6503665/VNHN08_55.R2.fastq.gz	
PRJEB47011	SAMEA9696981	ERX6130546	ERR6503666	562	Escherichia coli	ftp.sra.ebi.ac.uk/vol1/fastq/ERR650/006/ERR6503666/ERR6503666_1.fastq.gz;ftp.sra.ebi.ac.uk/vol1/fastq/ERR650/006/ERR6503666/ERR6503666_2.fastq.gz	ftp.sra.ebi.ac.uk/vol1/run/ERR650/ERR6503666/VNHN08_56.R1.fastq.gz;ftp.sra.ebi.ac.uk/vol1/run/ERR650/ERR6503666/VNHN08_56.R2.fastq.gz	
PRJEB47011	SAMEA9696982	ERX6130547	ERR6503667	562	Escherichia coli	ftp.sra.ebi.ac.uk/vol1/fastq/ERR650/007/ERR6503667/ERR6503667_1.fastq.gz;ftp.sra.ebi.ac.uk/vol1/fastq/ERR650/007/ERR6503667/ERR6503667_2.fastq.gz	ftp.sra.ebi.ac.uk/vol1/run/ERR650/ERR6503667/VNHN08_57.R1.fastq.gz;ftp.sra.ebi.ac.uk/vol1/run/ERR650/ERR6503667/VNHN08_57.R2.fastq.gz	
PRJEB47011	SAMEA9696983	ERX6130548	ERR6503668	562	Escherichia coli	ftp.sra.ebi.ac.uk/vol1/fastq/ERR650/008/ERR6503668/ERR6503668_1.fastq.gz;ftp.sra.ebi.ac.uk/vol1/fastq/ERR650/008/ERR6503668/ERR6503668_2.fastq.gz	ftp.sra.ebi.ac.uk/vol1/run/ERR650/ERR6503668/VNHN08_58.R1.fastq.gz;ftp.sra.ebi.ac.uk/vol1/run/ERR650/ERR6503668/VNHN08_58.R2.fastq.gz	
PRJEB47011	SAMEA9696984	ERX6130549	ERR6503669	562	Escherichia coli	ftp.sra.ebi.ac.uk/vol1/fastq/ERR650/009/ERR6503669/ERR6503669_1.fastq.gz;ftp.sra.ebi.ac.uk/vol1/fastq/ERR650/009/ERR6503669/ERR6503669_2.fastq.gz	ftp.sra.ebi.ac.uk/vol1/run/ERR650/ERR6503669/VNHN08_59.R1.fastq.gz;ftp.sra.ebi.ac.uk/vol1/run/ERR650/ERR6503669/VNHN08_59.R2.fastq.gz	
PRJEB47011	SAMEA9696934	ERX6130499	ERR6503670	562	Escherichia coli	ftp.sra.ebi.ac.uk/vol1/fastq/ERR650/000/ERR6503670/ERR6503670_1.fastq.gz;ftp.sra.ebi.ac.uk/vol1/fastq/ERR650/000/ERR6503670/ERR6503670_2.fastq.gz	ftp.sra.ebi.ac.uk/vol1/run/ERR650/ERR6503670/VNHN08_6.R1.fastq.gz;ftp.sra.ebi.ac.uk/vol1/run/ERR650/ERR6503670/VNHN08_6.R2.fastq.gz	
PRJEB47011	SAMEA9696985	ERX6130550	ERR6503671	562	Escherichia coli	ftp.sra.ebi.ac.uk/vol1/fastq/ERR650/001/ERR6503671/ERR6503671_1.fastq.gz;ftp.sra.ebi.ac.uk/vol1/fastq/ERR650/001/ERR6503671/ERR6503671_2.fastq.gz	ftp.sra.ebi.ac.uk/vol1/run/ERR650/ERR6503671/VNHN08_60.R1.fastq.gz;ftp.sra.ebi.ac.uk/vol1/run/ERR650/ERR6503671/VNHN08_60.R2.fastq.gz	
PRJEB47011	SAMEA9696986	ERX6130551	ERR6503672	562	Escherichia coli	ftp.sra.ebi.ac.uk/vol1/fastq/ERR650/002/ERR6503672/ERR6503672_1.fastq.gz;ftp.sra.ebi.ac.uk/vol1/fastq/ERR650/002/ERR6503672/ERR6503672_2.fastq.gz	ftp.sra.ebi.ac.uk/vol1/run/ERR650/ERR6503672/VNHN08_61.R1.fastq.gz;ftp.sra.ebi.ac.uk/vol1/run/ERR650/ERR6503672/VNHN08_61.R2.fastq.gz	
PRJEB47011	SAMEA9696987	ERX6130552	ERR6503673	562	Escherichia coli	ftp.sra.ebi.ac.uk/vol1/fastq/ERR650/003/ERR6503673/ERR6503673_1.fastq.gz;ftp.sra.ebi.ac.uk/vol1/fastq/ERR650/003/ERR6503673/ERR6503673_2.fastq.gz	ftp.sra.ebi.ac.uk/vol1/run/ERR650/ERR6503673/VNHN08_62.R1.fastq.gz;ftp.sra.ebi.ac.uk/vol1/run/ERR650/ERR6503673/VNHN08_62.R2.fastq.gz	
PRJEB47011	SAMEA9696988	ERX6130553	ERR6503674	562	Escherichia coli	ftp.sra.ebi.ac.uk/vol1/fastq/ERR650/004/ERR6503674/ERR6503674_1.fastq.gz;ftp.sra.ebi.ac.uk/vol1/fastq/ERR650/004/ERR6503674/ERR6503674_2.fastq.gz	ftp.sra.ebi.ac.uk/vol1/run/ERR650/ERR6503674/VNHN08_63.R1.fastq.gz;ftp.sra.ebi.ac.uk/vol1/run/ERR650/ERR6503674/VNHN08_63.R2.fastq.gz	
PRJEB47011	SAMEA9696989	ERX6130554	ERR6503675	562	Escherichia coli	ftp.sra.ebi.ac.uk/vol1/fastq/ERR650/005/ERR6503675/ERR6503675_1.fastq.gz;ftp.sra.ebi.ac.uk/vol1/fastq/ERR650/005/ERR6503675/ERR6503675_2.fastq.gz	ftp.sra.ebi.ac.uk/vol1/run/ERR650/ERR6503675/VNHN08_64.R1.fastq.gz;ftp.sra.ebi.ac.uk/vol1/run/ERR650/ERR6503675/VNHN08_64.R2.fastq.gz	
PRJEB47011	SAMEA9696990	ERX6130555	ERR6503676	562	Escherichia coli	ftp.sra.ebi.ac.uk/vol1/fastq/ERR650/006/ERR6503676/ERR6503676_1.fastq.gz;ftp.sra.ebi.ac.uk/vol1/fastq/ERR650/006/ERR6503676/ERR6503676_2.fastq.gz	ftp.sra.ebi.ac.uk/vol1/run/ERR650/ERR6503676/VNHN08_65.R1.fastq.gz;ftp.sra.ebi.ac.uk/vol1/run/ERR650/ERR6503676/VNHN08_65.R2.fastq.gz	
PRJEB47011	SAMEA9696991	ERX6130556	ERR6503677	562	Escherichia coli	ftp.sra.ebi.ac.uk/vol1/fastq/ERR650/007/ERR6503677/ERR6503677_1.fastq.gz;ftp.sra.ebi.ac.uk/vol1/fastq/ERR650/007/ERR6503677/ERR6503677_2.fastq.gz	ftp.sra.ebi.ac.uk/vol1/run/ERR650/ERR6503677/VNHN08_66.R1.fastq.gz;ftp.sra.ebi.ac.uk/vol1/run/ERR650/ERR6503677/VNHN08_66.R2.fastq.gz	
PRJEB47011	SAMEA9696992	ERX6130557	ERR6503678	562	Escherichia coli	ftp.sra.ebi.ac.uk/vol1/fastq/ERR650/008/ERR6503678/ERR6503678_1.fastq.gz;ftp.sra.ebi.ac.uk/vol1/fastq/ERR650/008/ERR6503678/ERR6503678_2.fastq.gz	ftp.sra.ebi.ac.uk/vol1/run/ERR650/ERR6503678/VNHN08_67.R1.fastq.gz;ftp.sra.ebi.ac.uk/vol1/run/ERR650/ERR6503678/VNHN08_67.R2.fastq.gz	
PRJEB47011	SAMEA9696993	ERX6130558	ERR6503679	562	Escherichia coli	ftp.sra.ebi.ac.uk/vol1/fastq/ERR650/009/ERR6503679/ERR6503679_1.fastq.gz;ftp.sra.ebi.ac.uk/vol1/fastq/ERR650/009/ERR6503679/ERR6503679_2.fastq.gz	ftp.sra.ebi.ac.uk/vol1/run/ERR650/ERR6503679/VNHN08_68.R1.fastq.gz;ftp.sra.ebi.ac.uk/vol1/run/ERR650/ERR6503679/VNHN08_68.R2.fastq.gz	
PRJEB47011	SAMEA9696994	ERX6130559	ERR6503680	562	Escherichia coli	ftp.sra.ebi.ac.uk/vol1/fastq/ERR650/000/ERR6503680/ERR6503680_1.fastq.gz;ftp.sra.ebi.ac.uk/vol1/fastq/ERR650/000/ERR6503680/ERR6503680_2.fastq.gz	ftp.sra.ebi.ac.uk/vol1/run/ERR650/ERR6503680/VNHN08_69.R1.fastq.gz;ftp.sra.ebi.ac.uk/vol1/run/ERR650/ERR6503680/VNHN08_69.R2.fastq.gz	
PRJEB47011	SAMEA9696935	ERX6130500	ERR6503681	562	Escherichia coli	ftp.sra.ebi.ac.uk/vol1/fastq/ERR650/001/ERR6503681/ERR6503681_1.fastq.gz;ftp.sra.ebi.ac.uk/vol1/fastq/ERR650/001/ERR6503681/ERR6503681_2.fastq.gz	ftp.sra.ebi.ac.uk/vol1/run/ERR650/ERR6503681/VNHN08_7.R1.fastq.gz;ftp.sra.ebi.ac.uk/vol1/run/ERR650/ERR6503681/VNHN08_7.R2.fastq.gz	
PRJEB47011	SAMEA9696995	ERX6130560	ERR6503682	562	Escherichia coli	ftp.sra.ebi.ac.uk/vol1/fastq/ERR650/002/ERR6503682/ERR6503682_1.fastq.gz;ftp.sra.ebi.ac.uk/vol1/fastq/ERR650/002/ERR6503682/ERR6503682_2.fastq.gz	ftp.sra.ebi.ac.uk/vol1/run/ERR650/ERR6503682/VNHN08_70.R1.fastq.gz;ftp.sra.ebi.ac.uk/vol1/run/ERR650/ERR6503682/VNHN08_70.R2.fastq.gz	
PRJEB47011	SAMEA9696996	ERX6130561	ERR6503683	562	Escherichia coli	ftp.sra.ebi.ac.uk/vol1/fastq/ERR650/003/ERR6503683/ERR6503683_1.fastq.gz;ftp.sra.ebi.ac.uk/vol1/fastq/ERR650/003/ERR6503683/ERR6503683_2.fastq.gz	ftp.sra.ebi.ac.uk/vol1/run/ERR650/ERR6503683/VNHN08_71.R1.fastq.gz;ftp.sra.ebi.ac.uk/vol1/run/ERR650/ERR6503683/VNHN08_71.R2.fastq.gz	
PRJEB47011	SAMEA9696997	ERX6130562	ERR6503684	562	Escherichia coli	ftp.sra.ebi.ac.uk/vol1/fastq/ERR650/004/ERR6503684/ERR6503684_1.fastq.gz;ftp.sra.ebi.ac.uk/vol1/fastq/ERR650/004/ERR6503684/ERR6503684_2.fastq.gz	ftp.sra.ebi.ac.uk/vol1/run/ERR650/ERR6503684/VNHN08_72.R1.fastq.gz;ftp.sra.ebi.ac.uk/vol1/run/ERR650/ERR6503684/VNHN08_72.R2.fastq.gz	
PRJEB47011	SAMEA9696998	ERX6130563	ERR6503685	562	Escherichia coli	ftp.sra.ebi.ac.uk/vol1/fastq/ERR650/005/ERR6503685/ERR6503685_1.fastq.gz;ftp.sra.ebi.ac.uk/vol1/fastq/ERR650/005/ERR6503685/ERR6503685_2.fastq.gz	ftp.sra.ebi.ac.uk/vol1/run/ERR650/ERR6503685/VNHN08_73.R1.fastq.gz;ftp.sra.ebi.ac.uk/vol1/run/ERR650/ERR6503685/VNHN08_73.R2.fastq.gz	
PRJEB47011	SAMEA9696999	ERX6130564	ERR6503686	562	Escherichia coli	ftp.sra.ebi.ac.uk/vol1/fastq/ERR650/006/ERR6503686/ERR6503686_1.fastq.gz;ftp.sra.ebi.ac.uk/vol1/fastq/ERR650/006/ERR6503686/ERR6503686_2.fastq.gz	ftp.sra.ebi.ac.uk/vol1/run/ERR650/ERR6503686/VNHN08_74.R1.fastq.gz;ftp.sra.ebi.ac.uk/vol1/run/ERR650/ERR6503686/VNHN08_74.R2.fastq.gz	
PRJEB47011	SAMEA9697000	ERX6130565	ERR6503687	562	Escherichia coli	ftp.sra.ebi.ac.uk/vol1/fastq/ERR650/007/ERR6503687/ERR6503687_1.fastq.gz;ftp.sra.ebi.ac.uk/vol1/fastq/ERR650/007/ERR6503687/ERR6503687_2.fastq.gz	ftp.sra.ebi.ac.uk/vol1/run/ERR650/ERR6503687/VNHN08_75.R1.fastq.gz;ftp.sra.ebi.ac.uk/vol1/run/ERR650/ERR6503687/VNHN08_75.R2.fastq.gz	
PRJEB47011	SAMEA9697001	ERX6130566	ERR6503688	562	Escherichia coli	ftp.sra.ebi.ac.uk/vol1/fastq/ERR650/008/ERR6503688/ERR6503688_1.fastq.gz;ftp.sra.ebi.ac.uk/vol1/fastq/ERR650/008/ERR6503688/ERR6503688_2.fastq.gz	ftp.sra.ebi.ac.uk/vol1/run/ERR650/ERR6503688/VNHN08_76.R1.fastq.gz;ftp.sra.ebi.ac.uk/vol1/run/ERR650/ERR6503688/VNHN08_76.R2.fastq.gz	
PRJEB47011	SAMEA9697002	ERX6130567	ERR6503689	562	Escherichia coli	ftp.sra.ebi.ac.uk/vol1/fastq/ERR650/009/ERR6503689/ERR6503689_1.fastq.gz;ftp.sra.ebi.ac.uk/vol1/fastq/ERR650/009/ERR6503689/ERR6503689_2.fastq.gz	ftp.sra.ebi.ac.uk/vol1/run/ERR650/ERR6503689/VNHN08_77.R1.fastq.gz;ftp.sra.ebi.ac.uk/vol1/run/ERR650/ERR6503689/VNHN08_77.R2.fastq.gz	
PRJEB47011	SAMEA9697003	ERX6130568	ERR6503690	562	Escherichia coli	ftp.sra.ebi.ac.uk/vol1/fastq/ERR650/000/ERR6503690/ERR6503690_1.fastq.gz;ftp.sra.ebi.ac.uk/vol1/fastq/ERR650/000/ERR6503690/ERR6503690_2.fastq.gz	ftp.sra.ebi.ac.uk/vol1/run/ERR650/ERR6503690/VNHN08_78.R1.fastq.gz;ftp.sra.ebi.ac.uk/vol1/run/ERR650/ERR6503690/VNHN08_78.R2.fastq.gz	
PRJEB47011	SAMEA9697004	ERX6130569	ERR6503691	562	Escherichia coli	ftp.sra.ebi.ac.uk/vol1/fastq/ERR650/001/ERR6503691/ERR6503691_1.fastq.gz;ftp.sra.ebi.ac.uk/vol1/fastq/ERR650/001/ERR6503691/ERR6503691_2.fastq.gz	ftp.sra.ebi.ac.uk/vol1/run/ERR650/ERR6503691/VNHN08_79.R1.fastq.gz;ftp.sra.ebi.ac.uk/vol1/run/ERR650/ERR6503691/VNHN08_79.R2.fastq.gz	
PRJEB47011	SAMEA9696936	ERX6130501	ERR6503692	562	Escherichia coli	ftp.sra.ebi.ac.uk/vol1/fastq/ERR650/002/ERR6503692/ERR6503692_1.fastq.gz;ftp.sra.ebi.ac.uk/vol1/fastq/ERR650/002/ERR6503692/ERR6503692_2.fastq.gz	ftp.sra.ebi.ac.uk/vol1/run/ERR650/ERR6503692/VNHN08_8.R1.fastq.gz;ftp.sra.ebi.ac.uk/vol1/run/ERR650/ERR6503692/VNHN08_8.R2.fastq.gz	
PRJEB47011	SAMEA9697005	ERX6130570	ERR6503693	562	Escherichia coli	ftp.sra.ebi.ac.uk/vol1/fastq/ERR650/003/ERR6503693/ERR6503693_1.fastq.gz;ftp.sra.ebi.ac.uk/vol1/fastq/ERR650/003/ERR6503693/ERR6503693_2.fastq.gz	ftp.sra.ebi.ac.uk/vol1/run/ERR650/ERR6503693/VNHN08_80.R1.fastq.gz;ftp.sra.ebi.ac.uk/vol1/run/ERR650/ERR6503693/VNHN08_80.R2.fastq.gz	
PRJEB47011	SAMEA9697006	ERX6130571	ERR6503694	562	Escherichia coli	ftp.sra.ebi.ac.uk/vol1/fastq/ERR650/004/ERR6503694/ERR6503694_1.fastq.gz;ftp.sra.ebi.ac.uk/vol1/fastq/ERR650/004/ERR6503694/ERR6503694_2.fastq.gz	ftp.sra.ebi.ac.uk/vol1/run/ERR650/ERR6503694/VNHN08_81.R1.fastq.gz;ftp.sra.ebi.ac.uk/vol1/run/ERR650/ERR6503694/VNHN08_81.R2.fastq.gz	
PRJEB47011	SAMEA9697007	ERX6130572	ERR6503695	562	Escherichia coli	ftp.sra.ebi.ac.uk/vol1/fastq/ERR650/005/ERR6503695/ERR6503695_1.fastq.gz;ftp.sra.ebi.ac.uk/vol1/fastq/ERR650/005/ERR6503695/ERR6503695_2.fastq.gz	ftp.sra.ebi.ac.uk/vol1/run/ERR650/ERR6503695/VNHN08_82.R1.fastq.gz;ftp.sra.ebi.ac.uk/vol1/run/ERR650/ERR6503695/VNHN08_82.R2.fastq.gz	
PRJEB47011	SAMEA9697008	ERX6130573	ERR6503696	562	Escherichia coli	ftp.sra.ebi.ac.uk/vol1/fastq/ERR650/006/ERR6503696/ERR6503696_1.fastq.gz;ftp.sra.ebi.ac.uk/vol1/fastq/ERR650/006/ERR6503696/ERR6503696_2.fastq.gz	ftp.sra.ebi.ac.uk/vol1/run/ERR650/ERR6503696/VNHN08_83.R1.fastq.gz;ftp.sra.ebi.ac.uk/vol1/run/ERR650/ERR6503696/VNHN08_83.R2.fastq.gz	
PRJEB47011	SAMEA9697009	ERX6130574	ERR6503697	562	Escherichia coli	ftp.sra.ebi.ac.uk/vol1/fastq/ERR650/007/ERR6503697/ERR6503697_1.fastq.gz;ftp.sra.ebi.ac.uk/vol1/fastq/ERR650/007/ERR6503697/ERR6503697_2.fastq.gz	ftp.sra.ebi.ac.uk/vol1/run/ERR650/ERR6503697/VNHN08_84.R1.fastq.gz;ftp.sra.ebi.ac.uk/vol1/run/ERR650/ERR6503697/VNHN08_84.R2.fastq.gz	
PRJEB47011	SAMEA9697010	ERX6130575	ERR6503698	562	Escherichia coli	ftp.sra.ebi.ac.uk/vol1/fastq/ERR650/008/ERR6503698/ERR6503698_1.fastq.gz;ftp.sra.ebi.ac.uk/vol1/fastq/ERR650/008/ERR6503698/ERR6503698_2.fastq.gz	ftp.sra.ebi.ac.uk/vol1/run/ERR650/ERR6503698/VNHN08_85.R1.fastq.gz;ftp.sra.ebi.ac.uk/vol1/run/ERR650/ERR6503698/VNHN08_85.R2.fastq.gz	
PRJEB47011	SAMEA9697011	ERX6130576	ERR6503699	562	Escherichia coli	ftp.sra.ebi.ac.uk/vol1/fastq/ERR650/009/ERR6503699/ERR6503699_1.fastq.gz;ftp.sra.ebi.ac.uk/vol1/fastq/ERR650/009/ERR6503699/ERR6503699_2.fastq.gz	ftp.sra.ebi.ac.uk/vol1/run/ERR650/ERR6503699/VNHN08_86.R1.fastq.gz;ftp.sra.ebi.ac.uk/vol1/run/ERR650/ERR6503699/VNHN08_86.R2.fastq.gz	
PRJEB47011	SAMEA9697012	ERX6130577	ERR6503700	562	Escherichia coli	ftp.sra.ebi.ac.uk/vol1/fastq/ERR650/000/ERR6503700/ERR6503700_1.fastq.gz;ftp.sra.ebi.ac.uk/vol1/fastq/ERR650/000/ERR6503700/ERR6503700_2.fastq.gz	ftp.sra.ebi.ac.uk/vol1/run/ERR650/ERR6503700/VNHN08_87.R1.fastq.gz;ftp.sra.ebi.ac.uk/vol1/run/ERR650/ERR6503700/VNHN08_87.R2.fastq.gz	
PRJEB47011	SAMEA9697013	ERX6130578	ERR6503701	562	Escherichia coli	ftp.sra.ebi.ac.uk/vol1/fastq/ERR650/001/ERR6503701/ERR6503701_1.fastq.gz;ftp.sra.ebi.ac.uk/vol1/fastq/ERR650/001/ERR6503701/ERR6503701_2.fastq.gz	ftp.sra.ebi.ac.uk/vol1/run/ERR650/ERR6503701/VNHN08_88.R1.fastq.gz;ftp.sra.ebi.ac.uk/vol1/run/ERR650/ERR6503701/VNHN08_88.R2.fastq.gz	
PRJEB47011	SAMEA9697014	ERX6130579	ERR6503702	562	Escherichia coli	ftp.sra.ebi.ac.uk/vol1/fastq/ERR650/002/ERR6503702/ERR6503702_1.fastq.gz;ftp.sra.ebi.ac.uk/vol1/fastq/ERR650/002/ERR6503702/ERR6503702_2.fastq.gz	ftp.sra.ebi.ac.uk/vol1/run/ERR650/ERR6503702/VNHN08_89.R1.fastq.gz;ftp.sra.ebi.ac.uk/vol1/run/ERR650/ERR6503702/VNHN08_89.R2.fastq.gz	
PRJEB47011	SAMEA9696937	ERX6130502	ERR6503703	562	Escherichia coli	ftp.sra.ebi.ac.uk/vol1/fastq/ERR650/003/ERR6503703/ERR6503703_1.fastq.gz;ftp.sra.ebi.ac.uk/vol1/fastq/ERR650/003/ERR6503703/ERR6503703_2.fastq.gz	ftp.sra.ebi.ac.uk/vol1/run/ERR650/ERR6503703/VNHN08_9.R1.fastq.gz;ftp.sra.ebi.ac.uk/vol1/run/ERR650/ERR6503703/VNHN08_9.R2.fastq.gz	
PRJEB47011	SAMEA9697015	ERX6130580	ERR6503704	562	Escherichia coli	ftp.sra.ebi.ac.uk/vol1/fastq/ERR650/004/ERR6503704/ERR6503704_1.fastq.gz;ftp.sra.ebi.ac.uk/vol1/fastq/ERR650/004/ERR6503704/ERR6503704_2.fastq.gz	ftp.sra.ebi.ac.uk/vol1/run/ERR650/ERR6503704/VNHN08_90.R1.fastq.gz;ftp.sra.ebi.ac.uk/vol1/run/ERR650/ERR6503704/VNHN08_90.R2.fastq.gz	
PRJEB47011	SAMEA9697016	ERX6130581	ERR6503705	562	Escherichia coli	ftp.sra.ebi.ac.uk/vol1/fastq/ERR650/005/ERR6503705/ERR6503705_1.fastq.gz;ftp.sra.ebi.ac.uk/vol1/fastq/ERR650/005/ERR6503705/ERR6503705_2.fastq.gz	ftp.sra.ebi.ac.uk/vol1/run/ERR650/ERR6503705/VNHN08_91.R1.fastq.gz;ftp.sra.ebi.ac.uk/vol1/run/ERR650/ERR6503705/VNHN08_91.R2.fastq.gz	
PRJEB47011	SAMEA9697017	ERX6130582	ERR6503706	562	Escherichia coli	ftp.sra.ebi.ac.uk/vol1/fastq/ERR650/006/ERR6503706/ERR6503706_1.fastq.gz;ftp.sra.ebi.ac.uk/vol1/fastq/ERR650/006/ERR6503706/ERR6503706_2.fastq.gz	ftp.sra.ebi.ac.uk/vol1/run/ERR650/ERR6503706/VNHN08_92.R1.fastq.gz;ftp.sra.ebi.ac.uk/vol1/run/ERR650/ERR6503706/VNHN08_92.R2.fastq.gz	
PRJEB47011	SAMEA9697018	ERX6130583	ERR6503707	562	Escherichia coli	ftp.sra.ebi.ac.uk/vol1/fastq/ERR650/007/ERR6503707/ERR6503707_1.fastq.gz;ftp.sra.ebi.ac.uk/vol1/fastq/ERR650/007/ERR6503707/ERR6503707_2.fastq.gz	ftp.sra.ebi.ac.uk/vol1/run/ERR650/ERR6503707/VNHN08_93.R1.fastq.gz;ftp.sra.ebi.ac.uk/vol1/run/ERR650/ERR6503707/VNHN08_93.R2.fastq.gz	
PRJEB47011	SAMEA9697019	ERX6130584	ERR6503708	562	Escherichia coli	ftp.sra.ebi.ac.uk/vol1/fastq/ERR650/008/ERR6503708/ERR6503708_1.fastq.gz;ftp.sra.ebi.ac.uk/vol1/fastq/ERR650/008/ERR6503708/ERR6503708_2.fastq.gz	ftp.sra.ebi.ac.uk/vol1/run/ERR650/ERR6503708/VNHN08_94.R1.fastq.gz;ftp.sra.ebi.ac.uk/vol1/run/ERR650/ERR6503708/VNHN08_94.R2.fastq.gz	
PRJEB47011	SAMEA9697020	ERX6130585	ERR6503709	562	Escherichia coli	ftp.sra.ebi.ac.uk/vol1/fastq/ERR650/009/ERR6503709/ERR6503709_1.fastq.gz;ftp.sra.ebi.ac.uk/vol1/fastq/ERR650/009/ERR6503709/ERR6503709_2.fastq.gz	ftp.sra.ebi.ac.uk/vol1/run/ERR650/ERR6503709/VNHN08_95.R1.fastq.gz;ftp.sra.ebi.ac.uk/vol1/run/ERR650/ERR6503709/VNHN08_95.R2.fastq.gz	
PRJEB47011	SAMEA9697021	ERX6130586	ERR6503710	562	Escherichia coli	ftp.sra.ebi.ac.uk/vol1/fastq/ERR650/000/ERR6503710/ERR6503710_1.fastq.gz;ftp.sra.ebi.ac.uk/vol1/fastq/ERR650/000/ERR6503710/ERR6503710_2.fastq.gz	ftp.sra.ebi.ac.uk/vol1/run/ERR650/ERR6503710/VNHN08_96.R1.fastq.gz;ftp.sra.ebi.ac.uk/vol1/run/ERR650/ERR6503710/VNHN08_96.R2.fastq.gz	
PRJEB47011	SAMEA9697022	ERX6130587	ERR6503711	562	Escherichia coli	ftp.sra.ebi.ac.uk/vol1/fastq/ERR650/001/ERR6503711/ERR6503711_1.fastq.gz;ftp.sra.ebi.ac.uk/vol1/fastq/ERR650/001/ERR6503711/ERR6503711_2.fastq.gz	ftp.sra.ebi.ac.uk/vol1/run/ERR650/ERR6503711/VNHN08_97.R1.fastq.gz;ftp.sra.ebi.ac.uk/vol1/run/ERR650/ERR6503711/VNHN08_97.R2.fastq.gz	
PRJEB47011	SAMEA9697023	ERX6130588	ERR6503712	562	Escherichia coli	ftp.sra.ebi.ac.uk/vol1/fastq/ERR650/002/ERR6503712/ERR6503712_1.fastq.gz;ftp.sra.ebi.ac.uk/vol1/fastq/ERR650/002/ERR6503712/ERR6503712_2.fastq.gz	ftp.sra.ebi.ac.uk/vol1/run/ERR650/ERR6503712/VNHN08_98.R1.fastq.gz;ftp.sra.ebi.ac.uk/vol1/run/ERR650/ERR6503712/VNHN08_98.R2.fastq.gz	
PRJEB47011	SAMEA9697024	ERX6130589	ERR6503713	562	Escherichia coli	ftp.sra.ebi.ac.uk/vol1/fastq/ERR650/003/ERR6503713/ERR6503713_1.fastq.gz;ftp.sra.ebi.ac.uk/vol1/fastq/ERR650/003/ERR6503713/ERR6503713_2.fastq.gz	ftp.sra.ebi.ac.uk/vol1/run/ERR650/ERR6503713/VNHN08_99.R1.fastq.gz;ftp.sra.ebi.ac.uk/vol1/run/ERR650/ERR6503713/VNHN08_99.R2.fastq.gz	
PRJEB47011	SAMEA9697028	ERX6130989	ERR6504074	562	Escherichia coli	ftp.sra.ebi.ac.uk/vol1/fastq/ERR650/004/ERR6504074/ERR6504074.fastq.gz	ftp.sra.ebi.ac.uk/vol1/run/ERR650/ERR6504074/NHTD_58.ONT.fastq.gz	
PRJEB47011	SAMEA9697031	ERX6130990	ERR6504075	562	Escherichia coli	ftp.sra.ebi.ac.uk/vol1/fastq/ERR650/005/ERR6504075/ERR6504075.fastq.gz	ftp.sra.ebi.ac.uk/vol1/run/ERR650/ERR6504075/NHTD_65.ONT.fastq.gz	
PRJEB47011	SAMEA9696946	ERX6130991	ERR6504076	562	Escherichia coli	ftp.sra.ebi.ac.uk/vol1/fastq/ERR650/006/ERR6504076/ERR6504076.fastq.gz	ftp.sra.ebi.ac.uk/vol1/run/ERR650/ERR6504076/VNHN08_19.ONT.fastq.gz	
PRJEB47011	SAMEA9696972	ERX6130992	ERR6504077	562	Escherichia coli	ftp.sra.ebi.ac.uk/vol1/fastq/ERR650/007/ERR6504077/ERR6504077.fastq.gz	ftp.sra.ebi.ac.uk/vol1/run/ERR650/ERR6504077/VNHN08_47.ONT.fastq.gz	
PRJEB47011	SAMEA9696935	ERX6130993	ERR6504078	562	Escherichia coli	ftp.sra.ebi.ac.uk/vol1/fastq/ERR650/008/ERR6504078/ERR6504078.fastq.gz	ftp.sra.ebi.ac.uk/vol1/run/ERR650/ERR6504078/VNHN08_7.ONT.fastq.gz	
PRJEB47011	SAMEA9697001	ERX6130994	ERR6504079	562	Escherichia coli	ftp.sra.ebi.ac.uk/vol1/fastq/ERR650/009/ERR6504079/ERR6504079.fastq.gz	ftp.sra.ebi.ac.uk/vol1/run/ERR650/ERR6504079/VNHN08_76.ONT.fastq.gz	
PRJEB47011	SAMEA9697009	ERX6130995	ERR6504080	562	Escherichia coli	ftp.sra.ebi.ac.uk/vol1/fastq/ERR650/000/ERR6504080/ERR6504080.fastq.gz	ftp.sra.ebi.ac.uk/vol1/run/ERR650/ERR6504080/VNHN08_84.ONT.fastq.gz	
PRJEB47011	SAMEA9697011	ERX6130996	ERR6504081	562	Escherichia coli	ftp.sra.ebi.ac.uk/vol1/fastq/ERR650/001/ERR6504081/ERR6504081.fastq.gz	ftp.sra.ebi.ac.uk/vol1/run/ERR650/ERR6504081/VNHN08_86.ONT.fastq.gz	
PRJEB47011	SAMEA9697020	ERX6131063	ERR6504148	562	Escherichia coli	ftp.sra.ebi.ac.uk/vol1/fastq/ERR650/008/ERR6504148/ERR6504148.fastq.gz	ftp.sra.ebi.ac.uk/vol1/run/ERR650/ERR6504148/VNHN08_95.ONT.fastq.gz	
PRJEB47011	SAMEA9697021	ERX6131064	ERR6504149	562	Escherichia coli	ftp.sra.ebi.ac.uk/vol1/fastq/ERR650/009/ERR6504149/ERR6504149.fastq.gz	ftp.sra.ebi.ac.uk/vol1/run/ERR650/ERR6504149/VNHN08_96.ONT.fastq.gz	
